1;39314;अजात;अजात;1;0.314102110763391;0.760975872277595;0.239024127722405;0
1;39314;अनुत्पन्न;अनुत्पन्न;1;0.314102110763391;0.760975872277595;0.239024127722405;0
1;1590;अनागत;अनागत;1;0.314102110763391;0.760975872277595;0.239024127722405;0
2;23604;दग्ध;दग्ध;1;0.301161116920412;0.76854433090254;0.231455669097459;1
8;10;उत्पन्न;उत्पन्न;1;0.240853128747808;0.805897149978691;0.194102850021309;1
8;10;जात;जात;1;0.240853128747808;0.655230834408662;0.344769165591338;1
8;8850;जनित;जनित;1;0.240853128747808;0.805897149978691;0.194102850021309;1
8;1469;संवृत्त;संवृत्त;1;0.240853128747808;0.805897149978691;0.194102850021309;1
8;15373;अधिज;अधिज;1;0.240853128747808;0.805897149978691;0.194102850021309;1
8;1157;निष्पन्न;निष्पन्न;1;0.240853128747808;0.805897149978691;0.194102850021309;1
9;33119;धर्म;धर्म;1;0.317133487481624;0.637771484768607;0.362228515231393;0
13;23355;अत्याचार;अत्याचारी;0.900520253340038;0.233873775973916;0.661279405047784;0.338720594952216;1
13;2172;अनीति;अनीति;1;0.233873775973916;0.810455671781082;0.189544328218918;1
13;2039;अन्याय;अन्याय;1;0.233873775973916;0.810455671781082;0.189544328218918;1
18;171;दुष्कर्म;दुष्कर्म;1;0.236769021266983;0.808558415358407;0.191441584641593;1
18;23142;अपकर्म;अपकर्म;1;0.236769021266983;0.808558415358407;0.191441584641593;1
18;171;पापकर्म;पापकर्म;1;0.236769021266983;0.733595869203916;0.266404130796084;1
18;2228;अकर्म;अकर्म;1;0.236769021266983;0.728790216866589;0.271209783133411;1
18;2228;अक्रिया;अक्रिया;1;0.236769021266983;0.808558415358407;0.191441584641593;1
19;32;शस्य;शस्य;1;0.260620444913262;0.793260179172174;0.206739820827826;1
19;1930;इरा;इरा;1;0.260620444913262;0.692194456570093;0.307805543429907;1
20;153;खाद्यवस्तु;अखाद्यवस्तु;0.91898900633081;0.288911563693546;0.760815111058586;0.239184888941414;1
20;1228;खाद्य;खाद्य;1;0.288911563693546;0.775848419836011;0.224151580163989;1
21;2490;अनभिज्ञ;अनभिज्ञ;1;0.308034924620932;0.764505580988061;0.235494419011939;0
22;522;अनाप्त;अनाप्त;1;0.378926414065063;0.725201859794685;0.274798140205315;0
22;1725;अपात्र;अपात्र;1;0.378926414065063;0.725201859794685;0.274798140205315;0
22;5967;अविज्ञ;अविज्ञ;1;0.378926414065063;0.725201859794685;0.274798140205315;0
22;2517;अशिक्षित;अशिक्षित;1;0.378926414065063;0.725201859794685;0.274798140205315;0
22;14684;अशिक्षित;अशिक्षितः;0.900520253340038;0.378926414065063;0.703835709827922;0.296164290172078;1
22;14684;अशिक्षित;अशिक्षिता;0.900520253340038;0.378926414065063;0.703835709827922;0.296164290172078;1
23;1725;अयोग्य;अयोग्य;1;0.306711813310782;0.765279681268302;0.234720318731698;0
23;2039;अयुक्त;अयुक्त;1;0.306711813310782;0.765279681268302;0.234720318731698;0
23;1725;अनर्ह;अनर्ह;1;0.306711813310782;0.765279681268302;0.234720318731698;0
25;699;असिद्ध;असिद्ध;1;0.289126995764673;0.775718764160104;0.224281235839896;1
25;2989;अनभ्यस्त;अनभ्यस्त;1;0.289126995764673;0.775718764160104;0.224281235839896;1
25;22350;अनभ्यस्त;अनभ्यस्तः;0.900520253340038;0.289126995764673;0.756964095043921;0.243035904956079;1
25;2283;अपक्व;अपक्व;1;0.289126995764673;0.775718764160104;0.224281235839896;1
27;31281;मूर्ख;मूर्ख;1;0.321348401141309;0.635343746287037;0.364656253712963;0
27;10752;बुद्धिहीन;बुद्धिहीन;1;0.321348401141309;0.756802671525734;0.243197328474266;0
27;667;वितान;वितान;1;0.321348401141309;0.756802671525734;0.243197328474266;0
27;2441;अचेत;अचेत;1;0.321348401141309;0.756802671525734;0.243197328474266;0
27;10752;मतिहीन;मतिहीन;1;0.321348401141309;0.756802671525734;0.243197328474266;0
27;31282;अबुध;अबुध;1;0.321348401141309;0.756802671525734;0.243197328474266;0
27;1364;पामर;पामर;1;0.321348401141309;0.756802671525734;0.243197328474266;0
27;1284;मन्द;मन्द;1;0.321348401141309;0.756802671525734;0.243197328474266;0
28;4531;अव्यवहृत;अव्यवहृत;1;0.355748562763135;0.737599896814135;0.262400103185865;0
29;8292;प्रवीण;प्रवीण;1;0.266013114402692;0.789881233159107;0.210118766840893;1
29;8292;निपुण;निपुण;1;0.266013114402692;0.789881233159107;0.210118766840893;1
29;2596;दक्ष;दक्ष;1;0.266013114402692;0.789881233159107;0.210118766840893;1
29;1014;अभ्यस्त;अभ्यस्त;1;0.266013114402692;0.789881233159107;0.210118766840893;1
29;32;कुशल;कुशल;1;0.266013114402692;0.671807912869243;0.328192087130757;1
29;1831;पटु;पटु;1;0.266013114402692;0.789881233159107;0.210118766840893;1
29;8292;निष्णात;निष्णात;1;0.266013114402692;0.789881233159107;0.210118766840893;1
29;100;परिपक्व;परिपक्व;1;0.266013114402692;0.789881233159107;0.210118766840893;1
29;3932;विचक्षण;विचक्षण;1;0.266013114402692;0.789881233159107;0.210118766840893;1
29;1446;अभिज्ञ;अभिज्ञ;1;0.266013114402692;0.789881233159107;0.210118766840893;1
29;3861;आप्त;आप्त;1;0.266013114402692;0.789881233159107;0.210118766840893;1
29;1414;अवसित;अवसित;1;0.266013114402692;0.789881233159107;0.210118766840893;1
30;2923;योग्य;योग्य;1;0.317588077338699;0.758962544667092;0.241037455332908;0
30;28071;उपयुक्त;उपयुक्त;1;0.317588077338699;0.758962544667092;0.241037455332908;0
30;26151;अलम्;अलम्;1;0.317588077338699;0.758962544667092;0.241037455332908;0
31;1523;सभ्य;सभ्य;1;0.220055767645438;0.819634664675927;0.180365335324073;1
31;32;भद्र;भद्र;1;0.220055767645438;0.819634664675927;0.180365335324073;1
31;32;शिष्ट;शिष्ट;1;0.220055767645438;0.819634664675927;0.180365335324073;1
31;1672;शालीन;शालीन;1;0.220055767645438;0.819634664675927;0.180365335324073;1
31;323;सुशील;सुशील;1;0.220055767645438;0.819634664675927;0.180365335324073;1
35;36;अनाथ;अनाथ;1;0.238802383498599;0.807231252797417;0.192768747202583;1
36;2295;असहाय;असहाय;1;0.380888921022415;0.724171209411686;0.275828790588314;0
36;1078;निराश्रित;निराश्रित;1;0.380888921022415;0.724171209411686;0.275828790588314;0
36;1078;निराश्रय;निराश्रय;1;0.380888921022415;0.724171209411686;0.275828790588314;0
36;1078;अनाश्रित;अनाश्रित;1;0.380888921022415;0.724171209411686;0.275828790588314;0
36;1078;आश्रयहीन;आश्रयहीन;1;0.380888921022415;0.724171209411686;0.275828790588314;0
36;1078;अपाश्रय;अपाश्रय;1;0.380888921022415;0.724171209411686;0.275828790588314;0
37;22242;अपितृक;अपितृक;1;0.38608526190122;0.72145634001501;0.27854365998499;0
40;29016;शृगाली;शृगाली;1;0.319701696932316;0.75774699867745;0.24225300132255;0
40;15015;शृगालिका;शृगालिका;1;0.319701696932316;0.75774699867745;0.24225300132255;0
40;29016;लोमाशिका;लोमाशिका;1;0.319701696932316;0.75774699867745;0.24225300132255;0
40;2190;शिवा;शिवा;1;0.319701696932316;0.645133044963263;0.354866955036737;0
40;4627;वामी;वामी;1;0.319701696932316;0.75774699867745;0.24225300132255;0
44;5298;तिरस्कार;तिरस्कारः;0.900520253340038;0.286596521611015;0.639500719000713;0.360499280999286;1
44;7599;अवमानना;अवमानना;1;0.286596521611015;0.77724444548307;0.22275555451693;1
44;3858;अधिक्षेप;अधिक्षेपः;0.900520253340038;0.286596521611015;0.75857764993437;0.24142235006563;1
44;170;अप्रतिष्ठा;अप्रतिष्ठा;1;0.286596521611015;0.77724444548307;0.22275555451693;1
44;1142;अप्रतिष्ठा;प्रतिष्ठा;0.910702260395516;0.286596521611015;0.677442918868447;0.322557081131553;1
44;31070;व्यतीपात;व्यतीपातः;0.900520253340038;0.286596521611015;0.75857764993437;0.24142235006563;1
44;3179;अलीक;अलीक;1;0.286596521611015;0.77724444548307;0.22275555451693;1
44;3162;अवज्ञा;अवज्ञा;1;0.286596521611015;0.678974189453657;0.321025810546343;1
45;529;अशिष्टता;अशिष्टता;1;0.282737048963706;0.779583002461711;0.220416997538289;1
45;529;असभ्यता;असभ्यता;1;0.282737048963706;0.779583002461711;0.220416997538289;1
47;2498;भगवान्;भगवान्;1;0.356034028927212;0.637075274987261;0.362924725012739;0
47;11360;त्रिलोकपति;त्रिलोकपतिः;0.91898900633081;0.356034028927212;0.720762669315098;0.279237330684902;1
47;2061;विश्वनाथ;विश्वनाथः;0.900520253340038;0.356034028927212;0.632019798871968;0.367980201128032;1
47;2185;विश्वम्भर;विश्वम्भरः;0.910702260395516;0.356034028927212;0.718935952235513;0.281064047764487;1
47;2510;विश्वम्भर;विश्वम्भरा;0.910702260395516;0.356034028927212;0.718935952235513;0.281064047764487;1
47;2190;जगदीश्वर;जगदीश्वरी;0.900520253340038;0.356034028927212;0.716658457217776;0.283341542782223;1
47;2198;विधाता;विधाता;1;0.356034028927212;0.654433947414172;0.345566052585828;0
47;1105;कर्ता;कर्ता;1;0.356034028927212;0.665971573083502;0.334028426916498;0
47;24531;वैश्वानर;वैश्वानर;1;0.356034028927212;0.737444620612597;0.262555379387403;0
47;26468;वैश्वानर;वैश्वानरः;0.900520253340038;0.356034028927212;0.615183975505171;0.384816024494829;1
47;26471;विश्वपा;विश्वपा;1;0.356034028927212;0.737444620612597;0.262555379387403;0
47;2457;अर्य;अर्य;1;0.356034028927212;0.737444620612597;0.262555379387403;0
47;11380;अव्यय;अव्यय;1;0.356034028927212;0.737444620612597;0.262555379387403;0
47;4535;शून्य;शून्य;1;0.356034028927212;0.737444620612597;0.262555379387403;0
50;1809;नामित;नामित;1;0.304767151027918;0.76642027599498;0.23357972400502;0
51;2620;सहसा;सहसा;1;0.319784251706941;0.654644818973361;0.345355181026639;0
51;1478;अनायास;अनायास;1;0.319784251706941;0.757699600299558;0.242300399700442;0
51;2620;आपाततः;आपाततः;1;0.319784251706941;0.757699600299558;0.242300399700442;0
51;16525;अनागतः;अनागतः;1;0.319784251706941;0.757699600299558;0.242300399700442;0
51;7211;मुहुर्मुहुः;मुहुर्मुहुः;1;0.319784251706941;0.757699600299558;0.242300399700442;0
52;53;अप्रयत्नतः;प्रयत्नतः;0.910702260395516;0.279963592626154;0.764868042603504;0.235131957396496;1
53;52;प्रयत्नतः;अप्रयत्नतः;0.910702260395516;0.23565212637186;0.794433441270827;0.205566558729173;1
53;1921;प्रयत्नतः;प्रयत्नतः;1;0.23565212637186;0.809289264071608;0.190710735928392;1
55;56;युग्मपत्र;युग्मपत्रः;0.910702260395516;0.367958988761529;0.712231062758721;0.287768937241279;1
55;56;युग्मपर्ण;युग्मपर्णः;0.910702260395516;0.367958988761529;0.712231062758721;0.287768937241279;1
55;56;कुण्डली;कुण्डली;1;0.367958988761529;0.731016067159544;0.268983932840456;0
55;32086;अश्मन्तक;अश्मन्तकः;0.900520253340038;0.367958988761529;0.709921158700312;0.290078841299688;1
60;918;अव्यवस्थित;व्यवस्थित;0.910702260395516;0.230012877518311;0.798360809045661;0.201639190954339;1
60;1480;अव्यवस्थित;अव्यवस्थित;1;0.230012877518311;0.812999618359778;0.187000381640221;1
60;23395;अनवस्थ;अनवस्थ;1;0.230012877518311;0.812999618359778;0.187000381640221;1
61;17;स्वेच्छाचारी;स्वेच्छाचारः;0.914772727272727;0.29043954052031;0.759013786797775;0.240986213202225;1
61;8005;स्वच्छन्द;अस्वच्छन्द;0.910702260395516;0.29043954052031;0.758197125186334;0.241802874813666;1
61;9731;स्वच्छन्द;स्वच्छन्द;1;0.29043954052031;0.774929757342057;0.225070242657943;1
61;34450;अप्रतिबद्ध;प्रतिबद्ध;0.910702260395516;0.29043954052031;0.758197125186334;0.241802874813666;1
61;23474;उच्छृङ्खल;उच्छृङ्खल;1;0.29043954052031;0.774929757342057;0.225070242657943;1
63;3530;अनुकूलता;अनुकूलता;1;0.287665714923706;0.670576124185639;0.32942387581436;1
63;74;अप्रतिकूलता;प्रतिकूलता;0.91898900633081;0.287665714923706;0.761600638644475;0.238399361355525;1
63;74;अविरुद्धता;विरुद्धता;0.910702260395516;0.287665714923706;0.759952100816882;0.240047899183118;1
63;22290;अविरोध;अविरोध;1;0.287665714923706;0.776599072577815;0.223400927422185;1
64;27440;सहृदयता;सहृदयता;1;0.2192356189092;0.820186012031587;0.179813987968413;1
64;34369;कृपालुता;कृपालुता;1;0.2192356189092;0.820186012031587;0.179813987968413;1
66;2849;सामंजस्य;असामंजस्य;0.900520253340038;0.270026357210655;0.769316014606527;0.230683985393473;1
67;151;प्रारम्भ;प्रारम्भः;0.900520253340038;0.236065486031584;0.721874919651454;0.278125080348546;1
67;7232;प्रवर्तन;प्रवर्तनं;0.900520253340038;0.236065486031584;0.642559153600995;0.357440846399005;1
67;1695;प्रस्ताव;प्रस्तावः;0.900520253340038;0.236065486031584;0.673039939558673;0.326960060441327;1
67;3003;प्रवृत्ति;प्रवृत्तिः;0.910702260395516;0.236065486031584;0.662310743351737;0.337689256648263;1
67;34616;प्रवृत्ति;प्रवृत्त;0.900520253340038;0.236065486031584;0.792302966811728;0.207697033188272;1
71;3113;स्पष्टता;अस्पष्टता;0.900520253340038;0.283961695273993;0.76026507148863;0.23973492851137;1
71;25558;स्पष्टता;स्पष्टता;1;0.283961695273993;0.727996944955841;0.272003055044159;1
74;63;प्रतिकूलता;अप्रतिकूलता;0.91898900633081;0.282436332147982;0.764915618888483;0.235084381111517;1
74;111;प्रतिकूलता;प्रतिकूलता;1;0.282436332147982;0.673110736361739;0.326889263638261;1
74;63;विरुद्धता;अविरुद्धता;0.910702260395516;0.282436332147982;0.76328287936283;0.23671712063717;1
74;10049;विरुद्धता;विरुद्धता;1;0.282436332147982;0.779765805858819;0.220234194141181;1
75;4926;गुण;गुण;1;0.264116041362286;0.719837019138495;0.280162980861505;1
77;7451;विषमता;विषमता;1;0.264668227483829;0.71451454035691;0.28548545964309;1
77;1731;अनुपत्ति;अनुपत्तिः;0.900520253340038;0.264668227483829;0.772853721230843;0.227146278769157;1
78;7640;मेल;मेल;1;0.251042218133807;0.799333536074994;0.200666463925006;1
80;5422;अनुज;अनुज;1;0.366102543473244;0.732009470868528;0.267990529131472;0
80;23515;अवरज;अवरज;1;0.366102543473244;0.732009470868528;0.267990529131472;0
82;7098;अग्रज;अग्रज;1;0.288952332954588;0.775823879931821;0.224176120068179;1
82;1146;अग्रजन्मा;अग्रजन्मा;1;0.288952332954588;0.775823879931821;0.224176120068179;1
84;3561;पारित;पारित;1;0.228210551043351;0.814192647303437;0.185807352696563;1
85;86;अविद्यमान;विद्यमान;0.900520253340038;0.269517474674753;0.769650611923391;0.230349388076609;1
85;6746;अप्रस्तुत;अप्रस्तुत;1;0.269517474674753;0.787700854811941;0.212299145188059;1
85;30157;अप्रस्तुत;प्रस्तुत;0.900520253340038;0.269517474674753;0.769650611923391;0.230349388076609;1
85;522;अप्राप्त;अप्राप्त;1;0.269517474674753;0.787700854811941;0.212299145188059;1
85;27;अविद्य;अविद्य;1;0.269517474674753;0.787700854811941;0.212299145188059;1
86;823;उपस्थित;उपस्थित;1;0.311974796839058;0.762209763792186;0.237790236207814;0
86;85;विद्यमान;अविद्यमान;0.900520253340038;0.311974796839058;0.742700148101242;0.257299851898758;1
86;6746;प्रस्तुत;अप्रस्तुत;0.900520253340038;0.311974796839058;0.742700148101242;0.257299851898758;1
86;30157;प्रस्तुत;प्रस्तुत;1;0.311974796839058;0.762209763792186;0.237790236207814;0
86;2770;अवस्थित;अवस्थित;1;0.311974796839058;0.762209763792186;0.237790236207814;0
86;6487;अभिमुख;अभिमुख;1;0.311974796839058;0.762209763792186;0.237790236207814;0
88;2282;अभूत;अभूत;1;0.28460059288357;0.778452077275847;0.221547922724153;1
93;1174;संविदा;संविदा;1;0.206188631347484;0.829057722823053;0.170942277176947;1
99;3932;केतु;केतु;1;0.259022042074281;0.794267269818776;0.205732730181224;1
101;17731;भोगी;भोगी;1;0.255016156453259;0.796802491233302;0.203197508766698;1
103;223;संज्ञा;संज्ञा;1;0.30752094583038;0.667575972129239;0.332424027870761;0
104;912;मनोभावना;मनोभावना;1;0.267329345353776;0.789060873297185;0.210939126702815;1
104;7966;मनोविकार;मनोविकारः;0.900520253340038;0.267329345353776;0.771092659831565;0.228907340168435;1
104;33121;अन्तर्वेग;अन्तर्वेगः;0.910702260395516;0.267329345353776;0.773071160358436;0.226928839641564;1
104;10810;अन्तर्गति;अन्तर्गत;0.900520253340038;0.267329345353776;0.771092659831565;0.228907340168435;1
105;5413;अनुज्ञा;अनुज्ञा;1;0.276383837012367;0.629376084504223;0.370623915495777;1
105;147;आज्ञा;आज्ञा;1;0.276383837012367;0.737376406782932;0.262623593217068;1
105;106;स्वीकृति;स्वीकृतिः;0.900520253340038;0.276383837012367;0.669478822530718;0.330521177469282;1
105;7596;अभ्यनुज्ञा;अभ्यनुज्ञा;1;0.276383837012367;0.78346338382089;0.21653661617911;1
106;557;अनुज्ञप्ति;अनुज्ञप्त;0.910702260395516;0.25549157020269;0.780918434398136;0.219081565601864;1
106;10358;अनुज्ञप्ति;अनुज्ञप्ति;1;0.25549157020269;0.796500768092419;0.203499231907581;1
106;15355;अनुज्ञप्ति;अनुज्ञप्तिः;0.91898900633081;0.25549157020269;0.782464201360589;0.21753579863941;1
108;2881;कल्पना;कल्पना;1;0.271874382210822;0.714339268741036;0.285660731258963;1
111;1087;प्रतिरोध;प्रतिरोधक;0.900520253340038;0.224702644144633;0.80030388232684;0.19969611767316;1
111;2524;प्रतिरोध;प्रतिरोधः;0.900520253340038;0.224702644144633;0.80030388232684;0.19969611767316;1
111;5294;प्रतिरोध;प्रतिरोधी;0.900520253340038;0.224702644144633;0.80030388232684;0.19969611767316;1
113;21;मुग्ध;मुग्ध;1;0.239526747446507;0.806759516936649;0.193240483063351;1
114;22181;निष्ठावान;निष्ठावान्;0.910702260395516;0.276577378991836;0.692545684820568;0.307454315179432;1
115;6487;कार्यरत;कार्यरत;1;0.271961332609256;0.786187421239163;0.213812578760837;1
118;38440;अनेक;अनेक;1;0.280239626920472;0.624000257395439;0.375999742604561;1
118;13148;कतिपय;कतिपय;1;0.280239626920472;0.644055406186726;0.355944593813274;1
120;121;प्रेम;प्रेम;1;0.283497884913402;0.637988931987999;0.362011068012002;1
120;31918;अविद्वेष;अविद्वेषः;0.900520253340038;0.283497884913402;0.760562886873006;0.239437113126995;1
121;11030;स्नेह;स्नेह;1;0.302434053610672;0.767793192467404;0.232206807532596;0
123;579;अनुसार;अनुसार;1;0.300301635371787;0.769052328165438;0.230947671834561;1
123;323;अनुकूल;अनुकूल;1;0.300301635371787;0.769052328165438;0.230947671834561;1
127;1054;प्रार्थना;प्रार्थना;1;0.31246909853071;0.649455335412695;0.350544664587305;0
127;22880;याचना;याचना;1;0.31246909853071;0.618580006768431;0.381419993231569;0
127;125;अभ्यर्थना;अभ्यर्थना;1;0.31246909853071;0.575824458675479;0.424175541324521;0
127;125;अभ्यर्थन;अभ्यर्थना;0.900520253340038;0.31246909853071;0.742397492567597;0.257602507432403;1
131;149;व्याख्या;व्याख्या;1;0.287954155510912;0.725007767145557;0.274992232854443;1
131;6512;व्याख्या;व्याख्यात;0.906023443605751;0.287954155510912;0.75882784088751;0.24117215911249;1
131;223;आख्या;आख्या;1;0.287954155510912;0.601994912716178;0.398005087283822;1
131;4659;निर्वचन;निर्वचन;1;0.287954155510912;0.776425151253396;0.223574848746604;1
134;2099;इष्ट;इष्ट;1;0.363084670688425;0.733630141622054;0.266369858377946;0
134;183;कर्म;कर्म;1;0.363084670688425;0.644228846014741;0.355771153985259;0
136;6008;यज्ञ कर्म;यज्ञकर्म;0.916666666666667;0.169243728509173;0.84414576998154;0.155854230018461;1
137;6305;संकल्पना;संकल्पना;1;0.264737320531692;0.790678019669415;0.209321980330585;1
138;4240;अनुसन्धान;अनुसन्धा;0.900520253340038;0.304461236830735;0.747331191960811;0.252668808039189;1
141;2892;विचारणा;विचारणा;1;0.256671641228927;0.795752818152304;0.204247181847696;1
142;1633;घृणा;घृणा;1;0.329549810111833;0.752134288158701;0.247865711841299;0
142;9930;अभिक्रोश;अभिक्रोशय;0.900520253340038;0.329549810111833;0.732088585924092;0.267911414075908;1
142;1340;अरुचि;अरुचि;1;0.329549810111833;0.752134288158701;0.247865711841299;0
143;1443;विरक्ति;विरक्ति;1;0.266362504321424;0.789663304612644;0.210336695387356;1
144;122;भिन्नरूप;अभिन्नरूप;0.900520253340038;0.334360253810883;0.729236754589067;0.270763245410933;1
148;1416;रचना;रचना;1;0.382293091466029;0.61443126751988;0.38556873248012;0
150;732;क्रिया;क्रिया;1;0.287862214446068;0.651714068307673;0.348285931692327;1
151;6963;आदि;आदि;1;0.221415224245213;0.624916969199168;0.375083030800832;1
151;38728;मूल;मूल;1;0.221415224245213;0.742576004612487;0.257423995387513;1
155;2417;अवर;अवर;1;0.317787192844682;0.758847866658439;0.241152133341561;0
156;155;अन्य;अन्य;1;0.246059026569128;0.58473600584456;0.41526399415544;1
158;669;वैकल्पिक;अवैकल्पिक;0.900520253340038;0.290498156708722;0.756092639494272;0.243907360505728;1
158;1480;वैकल्पिक;वैकल्पिक;1;0.290498156708722;0.774894558974337;0.225105441025663;1
158;9731;ऐच्छिक;ऐच्छिक;1;0.290498156708722;0.774894558974337;0.225105441025663;1
161;5781;वैध;वैध;1;0.301258805207908;0.768486634632398;0.231513365367602;1
162;163;आत्मीय;आत्मीय;1;0.29401551393999;0.772788261985532;0.227211738014468;1
162;38961;आत्मिक;आत्मिक;1;0.29401551393999;0.772788261985532;0.227211738014468;1
164;37324;मौलिक;मौलिक;1;0.282883704826236;0.779493882600565;0.220506117399435;1
164;32857;स्वकृत;स्वकृत;1;0.282883704826236;0.779493882600565;0.220506117399435;1
164;32857;आत्मकृत;आत्मकृत;1;0.282883704826236;0.779493882600565;0.220506117399435;1
168;6244;देशीय;देशीय;1;0.273037396923259;0.576913306744111;0.423086693255889;1
170;18230;अपकीर्ति;अपकीर्तिः;0.900520253340038;0.245570147410035;0.748603370525676;0.251396629474324;1
170;3660;कुप्रसिद्धि;कुप्रसिद्ध;0.91898900633081;0.245570147410035;0.789130378975422;0.210869621024578;1
170;3660;दुर्नाम;दुर्नाम;1;0.245570147410035;0.802845188670699;0.197154811329301;1
170;830;अभिशस्ति;अभिशस्तिः;0.900520253340038;0.245570147410035;0.785732305890252;0.214267694109748;1
170;2999;अभिशस्ति;अभिशस्ति;1;0.245570147410035;0.802845188670699;0.197154811329301;1
172;177;अपराधी;अपराधी;1;0.349868418505559;0.646854550107133;0.353145449892867;0
172;177;दोषी;दोषी;1;0.349868418505559;0.614556277839757;0.385443722160243;0
172;1945;सदोष;सदोष;1;0.349868418505559;0.740812946129299;0.259187053870701;0
178;24235;कालिमा;कालिमा;1;0.249306171550415;0.800444296820353;0.199555703179647;1
179;3801;अपरिशोधित;परिशोधित;0.900520253340038;0.272308261195819;0.767819201340288;0.232180798659712;1
180;34018;उच्छिष्ट;उच्छिष्ट;1;0.323535693685214;0.755551969449067;0.244448030550933;0
180;1014;उपभुक्त;उपभुक्त;1;0.323535693685214;0.755551969449067;0.244448030550933;0
183;24978;कृत्य;कृत्य;1;0.314819910986857;0.760560432378481;0.239439567621519;0
183;3829;विधा;विधा;1;0.314819910986857;0.558324765355599;0.441675234644401;0
185;4569;पर्व;पर्व;1;0.245700490723054;0.725002557992428;0.274997442007571;1
190;2299;धृष्ट;धृष्ट;1;0.279749061601857;0.781403190675759;0.218596809324241;1
191;1292;कुटुम्बी;कुटुम्बी;1;0.26936058010906;0.787798215629229;0.212201784370771;1
192;3079;सवर्ण;सवर्ण;1;0.3124155352513;0.761953796751211;0.238046203248789;0
193;38627;निरुपाय;निरुपाय;1;0.240209170430899;0.806315598886081;0.193684401113919;1
196;2151;मानस;मानस;1;0.306903786527423;0.592115293955538;0.407884706044462;0
198;7853;विदेशी;विदेशी;1;0.29632015984792;0.597716543141919;0.402283456858081;1
198;7853;परदेशी;परदेशी;1;0.29632015984792;0.771414370441726;0.228585629558274;1
201;1246;मीनगोधिका;मीनगोधिका;1;0.293748716287541;0.772947626854105;0.227052373145894;1
201;1916;पूत;पूत;1;0.293748716287541;0.772947626854105;0.227052373145894;1
203;26273;सूचक;सूचक;1;0.290230509864561;0.775055303958804;0.224944696041196;1
205;652;दशा;दशा;1;0.322170163318515;0.663696982623781;0.336303017376219;0
207;6108;राशि;राशि;1;0.275118031899134;0.784241125122057;0.215758874877943;1
209;618;पूजनीय;पूजनीय;1;0.303784298400084;0.766998038883527;0.233001961116473;0
209;618;पूज्य;पूज्य;1;0.303784298400084;0.652075544835156;0.347924455164844;0
209;618;वन्दनीय;वन्दनीय;1;0.303784298400084;0.766998038883527;0.233001961116473;0
209;618;वन्द्य;वन्द्य;1;0.303784298400084;0.766998038883527;0.233001961116473;0
209;2456;स्तुत्य;स्तुत्य;1;0.303784298400084;0.766998038883527;0.233001961116473;0
209;7598;अभिवन्दनीय;अभिवन्दनीय;1;0.303784298400084;0.766998038883527;0.233001961116473;0
209;12271;अभिवन्द्य;अभिवन्द्य;1;0.303784298400084;0.766998038883527;0.233001961116473;0
209;2360;वरेण्य;वरेण्य;1;0.303784298400084;0.766998038883527;0.233001961116473;0
209;19347;अर्ह;अर्ह;1;0.303784298400084;0.766998038883527;0.233001961116473;0
209;33720;आहार्य्य;आहार्य्यः;0.903837491179295;0.303784298400084;0.748444172652852;0.251555827347148;1
211;560;पूजित;पूजित;1;0.278984621699367;0.781870229738427;0.218129770261573;1
211;560;आराधित;आराधित;1;0.278984621699367;0.781870229738427;0.218129770261573;1
211;560;उपासित;उपासित;1;0.278984621699367;0.781870229738427;0.218129770261573;1
211;2284;अरचित;अरचित;1;0.278984621699367;0.781870229738427;0.218129770261573;1
211;1162;अर्हित;अर्हित;1;0.278984621699367;0.781870229738427;0.218129770261573;1
211;2648;ऋत;ऋत;1;0.278984621699367;0.781870229738427;0.218129770261573;1
213;30;समर्थक;समर्थक;1;0.298911320905273;0.769875497969371;0.230124502030629;1
213;1822;पक्षधर;पक्षधर;1;0.298911320905273;0.769875497969371;0.230124502030629;1
213;1822;अनुमोदक;अनुमोदक;1;0.298911320905273;0.769875497969371;0.230124502030629;1
214;4692;आपा;आपा;1;0.40056344582921;0.71399835757383;0.28600164242617;0
217;4948;लोह;लोह;1;0.324965417270477;0.75473667989016;0.24526332010984;0
217;2546;निशित;निशित;1;0.324965417270477;0.75473667989016;0.24526332010984;0
217;2690;अश्म;अश्म;1;0.324965417270477;0.75473667989016;0.24526332010984;0
218;199;प्रतिपक्षी;प्रतिपक्षीय;0.91898900633081;0.304630469530821;0.751041499796078;0.248958500203922;1
221;31;सज्जन;सज्जन;1;0.288473050296307;0.776112468762954;0.223887531237046;1
221;31;सुजन;सुजन;1;0.288473050296307;0.776112468762954;0.223887531237046;1
221;3051;वसु;वसु;1;0.288473050296307;0.776112468762954;0.223887531237046;1
222;1676;दुर्जन;दुर्जन;1;0.222361011896282;0.818088919940822;0.181911080059178;1
222;1364;खल;खल;1;0.222361011896282;0.818088919940822;0.181911080059178;1
222;1364;शठ;शठ;1;0.222361011896282;0.818088919940822;0.181911080059178;1
222;1364;दुरात्मा;दुरात्मा;1;0.222361011896282;0.818088919940822;0.181911080059178;1
222;3524;दुष्टचेता;दुष्टचेता;1;0.222361011896282;0.818088919940822;0.181911080059178;1
222;3524;दुष्टात्मा;दुष्टात्मा;1;0.222361011896282;0.818088919940822;0.181911080059178;1
223;1930;नाम;नाम;1;0.273164316169208;0.666911624957587;0.333088375042413;1
224;25550;पदवी;पदवी;1;0.273827174778229;0.702010182215352;0.297989817784648;1
225;29;बुध;बुध;1;0.260672944473724;0.793227144584638;0.206772855415362;1
226;1296;सित;सित;1;0.309691581481491;0.763538541546418;0.236461458453582;0
227;4941;बृहस्पति;बृहस्पतिः;0.900520253340038;0.345874904908917;0.660189624567453;0.339810375432547;1
227;31;गुरु;गुरु;1;0.345874904908917;0.628392703758257;0.371607296241743;0
228;3166;सौर;सौर;1;0.300235597416759;0.769091387735229;0.23090861226477;1
228;11230;पङ्गु;पङ्गु;1;0.300235597416759;0.769091387735229;0.23090861226477;1
230;38715;यम;यम;1;0.322048382243762;0.551312871355403;0.448687128644597;0
231;26503;सूबा;सूबा;1;0.2795833264719;0.624154493386142;0.375845506613858;1
232;12590;मण्डल;मण्डल;1;0.323880238870957;0.646992889912003;0.353007110087997;0
232;12340;चक्र;चक्र;1;0.323880238870957;0.755355333993676;0.244644666006323;0
248;303;विश्वसनीय;विश्वसनीयः;0.910702260395516;0.162432096526027;0.766747116304189;0.233252883695811;1
248;2411;विश्वसनीय;अविश्वसनीय;0.910702260395516;0.162432096526027;0.848637688768078;0.151362311231922;1
248;1323;विश्वासी;अविश्वासी;0.900520253340038;0.162432096526027;0.847187791111715;0.152812208888285;1
248;2439;विश्रब्ध;विश्रब्ध;1;0.162432096526027;0.860265303228067;0.139734696771933;1
249;1112;काल्पनिक;काल्पनिक;1;0.382699519395828;0.723222931643855;0.276777068356145;0
249;1004;कल्पित;कल्पित;1;0.382699519395828;0.723222931643855;0.276777068356145;0
249;986;अप्रकृत;अप्रकृत;1;0.382699519395828;0.723222931643855;0.276777068356145;0
249;986;अयाथार्थिक;अयाथार्थिक;1;0.382699519395828;0.723222931643855;0.276777068356145;0
256;27803;भिन्न;भिन्न;1;0.286936160934468;0.668806352815248;0.331193647184752;1
265;5079;बन्धुर;बन्धुर;1;0.326928195724678;0.753620281204341;0.246379718795659;0
268;338;मेरुदण्ड;मेरुदण्डी;0.900520253340038;0.29176538603081;0.755289021022873;0.244710978977127;1
268;7729;मेरुदण्ड;मेरुदण्डः;0.900520253340038;0.29176538603081;0.755289021022873;0.244710978977127;1
269;105;क्षमता;क्षमता;1;0.298800341687941;0.666903351788226;0.333096648211774;1
271;1146;द्विजाति;द्विजातिः;0.900520253340038;0.357507047633971;0.715819324940582;0.284180675059418;1
278;8053;हीरा;हीरा;1;0.388511101901531;0.720195898059817;0.279804101940182;0
278;1181;अभेद्य;अभेद्य;1;0.388511101901531;0.720195898059817;0.279804101940182;0
284;9935;दारुणा;दारुणा;1;0.260051870997995;0.793618122409495;0.206381877590505;1
290;2510;धरती;धरती;1;0.26726775380805;0.564463210121838;0.435536789878162;1
298;23047;रक्त;रक्त;1;0.301968570761006;0.607249198757493;0.392750801242507;0
298;1515;वृजिन;वृजिन;1;0.301968570761006;0.768067695685999;0.231932304314001;0
298;2180;असृक्;असृक्;1;0.301968570761006;0.768067695685999;0.231932304314001;0
298;15368;अस्र;अस्र;1;0.301968570761006;0.768067695685999;0.231932304314001;0
298;28653;आग्नेय;आग्नेय;1;0.301968570761006;0.62751981720329;0.37248018279671;0
298;32859;आत्मज;आत्मज;1;0.301968570761006;0.768067695685999;0.231932304314001;0
299;3499;ब्राह्मी;ब्राह्मी;1;0.325055365016063;0.649079444117087;0.350920555882913;0
304;1323;अविश्वासी;अविश्वासी;1;0.305701720062643;0.765871703034919;0.234128296965081;0
305;38541;ह्रस्व;ह्रस्व;1;0.257866584509611;0.794996871937621;0.205003128062379;1
306;6181;दीर्घ;दीर्घ;1;0.266295478306711;0.78970510211187;0.21029489788813;1
315;39846;हनन;हनन;1;0.241680205013189;0.805360346377897;0.194639653622103;1
323;1740;उपकारी;उपकारी;1;0.265096991788596;0.790453227294611;0.209546772705389;1
323;2451;उपकारक;उपकारक;1;0.265096991788596;0.790453227294611;0.209546772705389;1
323;16589;अनुग्राही;अनुग्राही;1;0.265096991788596;0.790453227294611;0.209546772705389;1
324;328;लोकोपकार;लोकोपकारी;0.900520253340038;0.263035009227072;0.773938533313194;0.226061466686806;1
324;10002;लोक सेवा;लोकसेवा;0.90625;0.263035009227072;0.775046282855413;0.224953717144587;1
325;1133;अनर्थकारी;अनर्थकारी;1;0.255493097539459;0.796499799130573;0.203500200869427;1
326;18710;परोपकारी;परोपकारी;1;0.392812449485064;0.643638793760477;0.356361206239523;0
334;16964;मूषिका;मूषिका;1;0.259935051202774;0.793691705810842;0.206308294189158;1
335;22256;अवि;अवि;1;0.311310532776748;0.762595872605753;0.237404127394246;0
342;16360;कमठी;कमठी;1;0.273124671142016;0.785469029598634;0.214530970401366;1
344;342;शलाका;शलाका;1;0.197513298131526;0.705708280913596;0.294291719086404;1
345;347;लेखनी;लेखनी;1;0.342022368950503;0.607347560493892;0.392652439506108;0
345;17032;अक्षरजननी;अक्षरजननी;1;0.342022368950503;0.745144062525594;0.254855937474406;0
357;2940;तुला;तुला;1;0.257593849466907;0.694058445080479;0.305941554919521;1
358;3646;कन्या;कन्या;1;0.306567720536675;0.698730590251873;0.301269409748126;0
360;1296;कर्क;कर्क;1;0.230301352962852;0.812808989920858;0.187191010079142;1
369;9423;अणी;अणी;1;0.262784177386625;0.791900958142771;0.208099041857228;1
369;644;शिखा;शिखा;1;0.262784177386625;0.680584268643226;0.319415731356774;1
370;9236;मुरली;मुरली;1;0.266806861146902;0.78938631504936;0.21061368495064;1
374;18060;अन्यतः;अन्यतः;1;0.318714537347356;0.758314230774719;0.241685769225281;0
374;2825;अनत;अनत;1;0.318714537347356;0.758314230774719;0.241685769225281;0
387;1469;भूत;भूत;1;0.312115615978837;0.762127961760444;0.237872038239556;0
392;667;सुषिर;सुषिर;1;0.234906883402304;0.809777654850291;0.190222345149709;1
396;11803;मात्रा;मात्रा;1;0.240905943637093;0.661578345045952;0.338421654954048;1
397;32961;आनद्ध;आनद्ध;1;0.281734793446958;0.780192599212126;0.219807400787874;1
397;3471;विरक्त;विरक्त;1;0.281734793446958;0.780192599212126;0.219807400787874;1
404;3714;तार;तार;1;0.302453588694334;0.767781676583552;0.232218323416448;0
405;5223;सारङ्ग;सारङ्ग;1;0.250503498254046;0.799677890862521;0.200322109137479;1
407;5854;तन्त्री;तन्त्री;1;0.338534638099372;0.747085634944742;0.252914365055258;0
413;5817;ढक्का;ढक्का;1;0.349416515044868;0.741061035529679;0.258938964470321;0
417;12562;मोटा;मोटा;1;0.242450075995709;0.589770027404116;0.410229972595884;1
417;27819;स्थूल;स्थूल;1;0.242450075995709;0.804861313400132;0.195138686599868;1
417;4576;अस्थूल;अस्थूल;1;0.242450075995709;0.804861313400132;0.195138686599868;1
417;6266;पीवर;पीवर;1;0.242450075995709;0.804861313400132;0.195138686599868;1
425;37709;दुग्ध;दुग्ध;1;0.295660494427596;0.771807124089081;0.228192875910919;1
429;2597;शीकर;शीकर;1;0.36898811062177;0.730466533815124;0.269533466184876;0
429;6829;सीकर;सीकर;1;0.36898811062177;0.730466533815124;0.269533466184876;0
438;11768;व्यस्तता;व्यस्तता;1;0.281361104299625;0.780420130316494;0.219579869683506;1
445;23949;असमर्थता;असमर्थता;1;0.274290594291322;0.689854261487665;0.310145738512335;1
445;2734;असामर्थ्य;सामर्थ्य;0.900520253340038;0.274290594291322;0.766523611146131;0.233476388853868;1
445;1713;अयोग्यता;अयोग्यता;1;0.274290594291322;0.784750357948091;0.215249642051909;1
445;35111;अशक्तता;अशक्तता;1;0.274290594291322;0.784750357948091;0.215249642051909;1
446;2734;सामर्थ्य;सामर्थ्य;1;0.26266234118278;0.791977369866963;0.208022630133037;1
446;10540;सामर्थ्य;सामर्थ्यः;0.900520253340038;0.26266234118278;0.774186492800355;0.225813507199645;1
446;10540;समर्थता;समर्थता;1;0.26266234118278;0.791977369866963;0.208022630133037;1
447;2420;शान्त;शान्त;1;0.310297199338675;0.763185634911464;0.236814365088536;0
447;918;स्थिर;स्थिर;1;0.310297199338675;0.64738921336498;0.35261078663502;0
448;2406;प्रगतिशील;प्रगतिशील;1;0.28742344933562;0.776745211931672;0.223254788068328;1
448;7260;प्रवाही;प्रवाही;1;0.28742344933562;0.776745211931672;0.223254788068328;1
448;22443;प्रवृत्त;अप्रवृत्त;0.900520253340038;0.28742344933562;0.758049603959983;0.241950396040017;1
448;34616;प्रवृत्त;प्रवृत्त;1;0.28742344933562;0.776745211931672;0.223254788068328;1
464;2330;प्रतिमा;प्रतिमा;1;0.333225336996838;0.674827824107229;0.325172175892771;0
464;46;अर्चा;अर्चा;1;0.333225336996838;0.750060752860093;0.249939247139907;0
473;1047;तन्त्र;तन्त्र;1;0.298673454258177;0.77001650932429;0.22998349067571;1
478;8292;कलाप;कलाप;1;0.331269928150707;0.751162464391515;0.248837535608485;0
491;7427;भुजा;भुजा;1;0.272834623346523;0.679694922448561;0.320305077551439;1
492;8029;वेष;वेष;1;0.283144563436508;0.779335414336953;0.220664585663047;1
492;44;तिरस्क्रिया;तिरस्क्रिया;1;0.283144563436508;0.779335414336953;0.220664585663047;1
493;2959;ईश्वरी;ईश्वरी;1;0.312391552969833;0.761967720484853;0.238032279515147;0
495;6394;सिरा;सिरा;1;0.307680162422072;0.764712984670357;0.235287015329643;0
497;10249;प्रवर्तक;प्रवर्तकः;0.900520253340038;0.274613573484951;0.692451257234686;0.307548742765314;1
497;2765;संस्थापक;संस्थापकः;0.900520253340038;0.274613573484951;0.661865439628167;0.338134560371833;1
498;5196;ताली;ताली;1;0.248731595965532;0.80081260314935;0.19918739685065;1
499;2028;अञ्जना;अञ्जना;1;0.259418866907557;0.794017007586565;0.205982992413435;1
499;8041;अञ्जनी;अञ्जनी;1;0.259418866907557;0.794017007586565;0.205982992413435;1
499;1296;अर्जुन;अर्जुन;1;0.259418866907557;0.644219698945647;0.355780301054353;1
500;1988;प्रद्युम्न;प्रद्युम्नः;0.91898900633081;0.332287224231376;0.691157482053406;0.308842517946594;1
500;31667;कार्ष्णि;कार्ष्णिः;0.900520253340038;0.332287224231376;0.73046300393475;0.26953699606525;1
500;1988;शम्बरारि;शम्बरारिः;0.900520253340038;0.332287224231376;0.73046300393475;0.26953699606525;1
502;194;पूर्णकाय;पूर्णकाय;1;0.320250255217737;0.757432158068456;0.242567841931544;0
509;5769;चूर्ण;चूर्ण;1;0.292204557720459;0.773871283788127;0.226128716211873;1
509;38443;जारक;जारक;1;0.292204557720459;0.773871283788127;0.226128716211873;1
510;9230;अनरकचतुर्दशी;नरकचतुर्दशी;0.925865647311398;0.300706575624645;0.754839894462273;0.245160105537727;1
511;208;तारका;तारका;1;0.263994982656167;0.791142380880811;0.208857619119189;1
513;18909;उच्छवास;उच्छवास;1;0.276128257935246;0.783620293478951;0.216379706521049;1
515;1363;स्खलित;स्खलित;1;0.31368338316679;0.761218428134016;0.238781571865984;0
515;5434;अवक्षिप्त;अवक्षिप्;0.900520253340038;0.31368338316679;0.741655045549663;0.258344954450337;1
515;15367;अवक्षिप्त;अवक्षिप्त;1;0.31368338316679;0.761218428134016;0.238781571865984;0
518;2954;मानवी;मानवी;1;0.341493604239076;0.74543776939378;0.254562230606219;0
519;17404;अवलुञ्चित;अवलुञ्चित;1;0.323317538547729;0.755676525754693;0.244323474245307;0
519;22065;अवकृष्ट;अवकृष्ट;1;0.323317538547729;0.755676525754693;0.244323474245307;0
521;5238;पताका;पताका;1;0.252764827839634;0.58307535900822;0.41692464099178;1
521;1174;जया;जया;1;0.252764827839634;0.714723642955159;0.285276357044841;1
522;22488;अलब्ध;अलब्ध;1;0.310976793297699;0.762790009031775;0.237209990968225;0
522;22488;अनापन्न;अनापन्न;1;0.310976793297699;0.762790009031775;0.237209990968225;0
525;17677;सत्यवती;सत्यवती;1;0.293353870511055;0.696215811947565;0.303784188052435;1
528;15188;स्पष्ट;स्पष्ट;1;0.286454365366981;0.777330332828972;0.222669667171028;1
528;527;स्पष्टतः;अस्पष्टतः;0.900520253340038;0.286454365366981;0.758668499854682;0.241331500145317;1
530;27884;स्वार्थी;स्वार्थी;1;0.351191601902247;0.740087489140823;0.259912510859177;0
530;9144;अपरता;अपरता;1;0.351191601902247;0.740087489140823;0.259912510859177;0
530;1741;अर्थी;अर्थी;1;0.351191601902247;0.740087489140823;0.259912510859177;0
531;2105;आत्मा;आत्मा;1;0.346788104747732;0.669877220974903;0.330122779025097;0
531;3382;चेतना;चेतना;1;0.346788104747732;0.608014831194531;0.391985168805469;0
539;31266;रक्तहीन;रक्तहीन;1;0.280828643176291;0.780744563550771;0.219255436449228;1
540;28828;एकावली;एकावली;1;0.264040412174331;0.791113947282632;0.208886052717368;1
541;18265;तन्वी;तन्वी;1;0.350004030391574;0.5563107606017;0.4436892393983;0
542;177;अन्यायी;अन्यायी;1;0.309526761372884;0.763634642297511;0.236365357702489;0
547;5138;अर्प्य;अर्प्य;1;0.302758120000362;0.767602200782845;0.232397799217155;0
547;2219;अवद्य;अवद्य;1;0.302758120000362;0.767602200782845;0.232397799217155;0
548;39313;अनन्द;अनन्द;1;0.28048932845039;0.780951451747099;0.219048548252901;1
548;1449;नन्दक;नन्दक;1;0.28048932845039;0.780951451747099;0.219048548252901;1
550;3268;अस्वीकृत;अस्वीकृत;1;0.316753323589052;0.759443687808068;0.240556312191932;0
550;15367;अपासित;अपासित;1;0.316753323589052;0.759443687808068;0.240556312191932;0
557;2004;स्वीकृत;स्वीकृत;1;0.26368674522798;0.791335355677559;0.208664644322441;1
557;31;मान्य;मान्य;1;0.26368674522798;0.791335355677559;0.208664644322441;1
561;7992;तरिता;तरिता;1;0.276132400085529;0.783617749955238;0.216382250044762;1
567;568;तुवरी;तुवरी;1;0.299910578344549;0.769283685092794;0.230716314907206;1
576;2237;अनपेक्षित;अनपेक्षित;1;0.28005825279979;0.781214446930648;0.218785553069352;1
576;1115;अप्रत्याशित;प्रत्याशित;0.91898900633081;0.28005825279979;0.766432681725278;0.233567318274722;1
576;2237;अप्रत्याशित;अप्रत्याशित;1;0.28005825279979;0.781214446930648;0.218785553069352;1
579;3079;अनुरूप;अनुरूप;1;0.301091751172429;0.768585304686536;0.231414695313464;1
581;32;वर;वर;1;0.257756527689727;0.575195477776395;0.424804522223605;1
582;1356;हित;हित;1;0.268089375413883;0.788587949231589;0.211412050768411;1
582;32;कल्याण;कल्याण;1;0.268089375413883;0.699920457536253;0.300079542463747;1
600;5704;जाल;जाल;1;0.281511569473272;0.780328499422773;0.219671500577228;1
605;2303;सूरत;सूरत;1;0.275997326942161;0.783700701314501;0.216299298685499;1
607;25488;मिषिका;मिषिका;1;0.28955392241478;0.775461950538238;0.224538049461762;1
607;1296;शुभ्र;शुभ्र;1;0.28955392241478;0.775461950538238;0.224538049461762;1
609;5618;शिफा;शिफा;1;0.364342981328567;0.7329535268516;0.2670464731484;0
610;3051;तना;तना;1;0.292818624339998;0.773503708233252;0.226496291766748;1
614;35163;एकला;एकला;1;0.291749042691663;0.774144177352177;0.225855822647823;1
617;6317;कल;कल;1;0.326689126768282;0.753756083338021;0.246243916661979;0
622;3045;अग्नि;अग्नि;1;0.260409444437495;0.575550788772924;0.424449211227076;1
623;4948;रोहित;रोहित;1;0.357477414525217;0.736660506686775;0.263339493313225;0
625;3077;नीला;नीला;1;0.308861040323973;0.764023046902273;0.235976953097727;0
626;623;अरुणा;अरुणा;1;0.32054917216301;0.599511587411299;0.400488412588701;0
629;1901;अमा;अमा;1;0.321142996159884;0.756920335578103;0.243079664421897;0
630;1061;पूर्णिमा;पूर्णिमा;1;0.320256389863789;0.692982166866094;0.307017833133906;0
630;617;धर्मवासर;धर्मवासरः;0.900520253340038;0.320256389863789;0.737661765035656;0.262338234964344;1
630;1061;राका;राका;1;0.320256389863789;0.757428638617057;0.242571361382943;0
630;33734;इन्दुमती;इन्दुमती;1;0.320256389863789;0.615872576979625;0.384127423020375;0
635;7492;मक्षिका;मक्षिका;1;0.273476395578611;0.646638039757282;0.353361960242718;1
638;4601;अम्ल;अम्ल;1;0.284818867221475;0.778319828196936;0.221680171803064;1
640;3077;पित्तारि;पित्तारिः;0.900520253340038;0.341280109714717;0.725173127768148;0.274826872231852;1
641;2850;महार्ह;महार्ह;1;0.292508173627513;0.773689497988575;0.226310502011425;1
643;14298;कल्ला;कल्ला;1;0.346013214439154;0.742934756711636;0.257065243288364;0
644;1695;शाखा;शाखा;1;0.317989961140686;0.610124125076865;0.389875874923135;0
645;1773;पुष्पित;पुष्पित;1;0.290227208534876;0.775057287108024;0.224942712891976;1
645;1773;कुसुमित;कुसुमित;1;0.290227208534876;0.775057287108024;0.224942712891976;1
645;549;प्रफुल्ल;प्रफुल्ल;1;0.290227208534876;0.775057287108024;0.224942712891976;1
645;20263;प्रफुल्ल;प्रफुल्लय;0.900520253340038;0.290227208534876;0.75626468430351;0.24373531569649;1
646;2786;अपुष्पित;अपुष्पित;1;0.317749069834297;0.758869820432312;0.241130179567688;0
648;749;वसन्तदूत;वसन्तदूतः;0.900520253340038;0.314532663774904;0.741136653931304;0.258863346068696;1
652;2531;अवस्था;अवस्था;1;0.270969182597818;0.646622080324886;0.353377919675114;1
652;26696;गति;गति;1;0.270969182597818;0.6078061338354;0.3921938661646;1
652;1469;गत;गत;1;0.270969182597818;0.572435594396818;0.427564405603182;1
656;11676;अत्याहारी;अत्याहारी;1;0.174091997245947;0.851722013560851;0.148277986439149;1
656;6348;पौर;पौर;1;0.174091997245947;0.851722013560851;0.148277986439149;1
658;9891;इति;इति;1;0.228003556208153;0.601402701934286;0.398597298065714;1
658;3309;निष्पत्ति;निष्पत्तिः;0.910702260395516;0.228003556208153;0.712558516691344;0.287441483308656;1
659;8292;धीवर;धीवर;1;0.262060187617317;0.792355237738647;0.207644762261353;1
663;10204;आशङ्कित;आशङ्कित;1;0.311779364943504;0.762323319549296;0.237676680450704;0
666;672;नर्म;नर्म;1;0.27306551237901;0.78550552997958;0.21449447002042;1
668;8035;भक्षक;भक्षक;1;0.160856038331986;0.861433258715597;0.138566741284403;1
668;8035;खादक;खादक;1;0.160856038331986;0.861433258715597;0.138566741284403;1
668;3034;आशी;आशी;1;0.160856038331986;0.861433258715597;0.138566741284403;1
670;19506;नेमी;नेमी;1;0.30809290618414;0.764471694076468;0.235528305923532;0
678;2293;निर्जन;निर्जन;1;0.316513373826941;0.759582105188285;0.240417894811714;0
678;2293;विजन;विजन;1;0.316513373826941;0.759582105188285;0.240417894811714;0
678;4200;सूना;सूना;1;0.316513373826941;0.759582105188285;0.240417894811714;0
679;8432;असफलता;असफलता;1;0.21082749714454;0.825881475567966;0.174118524432034;1
680;681;भगिनी;भगिनी;1;0.322566947135432;0.582809271622998;0.417190728377002;0
680;681;स्वसा;स्वसा;1;0.322566947135432;0.756105391992379;0.243894608007621;0
681;36691;सहोदरा;सहोदरा;1;0.318723463142912;0.758309098115765;0.241690901884235;0
681;6710;सगर्भा;सगर्भा;1;0.318723463142912;0.758309098115765;0.241690901884235;0
690;2564;अस्थिमय;अस्थिमय;1;0.285596857694062;0.777848820969951;0.222151179030049;1
701;38622;अनुबन्धक;अनुबन्धक;1;0.20718974309663;0.828370192605219;0.171629807394781;1
708;25293;विभाज्य;विभाज्य;1;0.300391302444041;0.768999298996029;0.231000701003971;1
709;26679;विभाजक;विभाजक;1;0.269150397640008;0.787928681943058;0.212071318056942;1
710;180;शेष;शेष;1;0.276295490302693;0.783517616099101;0.216482383900899;1
711;1255;लब्ध;लब्ध;1;0.261551716852756;0.792674597990117;0.207325402009883;1
715;714;सखा;सखा;1;0.277751687325929;0.708698721304872;0.291301278695127;1
715;32845;सहचर;सहचर;1;0.277751687325929;0.782624675763719;0.217375324236281;1
720;2498;मैत्री;मैत्री;1;0.243151962570846;0.60850608453055;0.39149391546945;1
728;1365;अमली;अमली;1;0.249338189964848;0.800423782793462;0.199576217206538;1
728;29240;महासहा;महासहा;1;0.249338189964848;0.800423782793462;0.199576217206538;1
729;1007;अनीतिपूर्ण;नीतिपूर्ण;0.910702260395516;0.306109932665196;0.748432885197163;0.251567114802837;1
729;2039;अनुचित;अनुचित;1;0.306109932665196;0.765632336904015;0.234367663095985;0
730;3026;रुचिर;रुचिर;1;0.290815401542932;0.774704112458439;0.225295887541561;1
730;7727;वृष्यकन्द;वृष्यकन्दः;0.910702260395516;0.290815401542932;0.757959944530695;0.242040055469305;1
730;15015;वृष्यकन्द;वृष्यकन्दा;0.910702260395516;0.290815401542932;0.757959944530695;0.242040055469305;1
730;963;रुचिरा;रुचिरा;1;0.290815401542932;0.645120814837341;0.354879185162659;1
732;9650;चिकित्सा;चिकित्सा;1;0.229155114149704;0.718492348953041;0.281507651046959;1
732;111;प्रतिकार;प्रतिकारः;0.900520253340038;0.229155114149704;0.79714958762099;0.20285041237901;1
735;4805;मन्दुरा;मन्दुरा;1;0.314302184184392;0.760860030542035;0.239139969457965;0
735;1901;मन्दिरा;मन्दिरा;1;0.314302184184392;0.760860030542035;0.239139969457965;0
736;25414;अणु;अणु;1;0.32455937564373;0.754968043251367;0.245031956748632;0
737;859;मुद्रा;मुद्रा;1;0.221836978293679;0.614764442456123;0.385235557543877;1
737;2875;इङ्ग;इङ्ग;1;0.221836978293679;0.81843979005818;0.18156020994182;1
744;923;वस्तु;वस्तु;1;0.351052042096853;0.625457771255825;0.374542228744175;0
748;1354;जन्तु;जन्तु;1;0.313089309526341;0.761562821923149;0.238437178076851;0
748;1998;प्राणी;प्राणी;1;0.313089309526341;0.678884985701596;0.321115014298404;0
749;7522;कादम्बरी;कादम्बरी;1;0.301766905002296;0.705765376315001;0.294234623685;1
749;18077;अन्यपुष्ट;अन्यपुष्ट;1;0.301766905002296;0.768186682390913;0.231813317609087;1
749;1314;अपराजिता;अपराजिता;1;0.301766905002296;0.768186682390913;0.231813317609087;1
749;18373;शारदी;शारदी;1;0.301766905002296;0.768186682390913;0.231813317609087;1
749;30787;मदनशलाका;मदनशलाका;1;0.301766905002296;0.768186682390913;0.231813317609087;1
754;760;सर्पी;सर्पी;1;0.218228586018085;0.820864008181429;0.179135991818571;1
760;4374;सर्पिणी;सर्पिणी;1;0.243386355042458;0.804255246926731;0.195744753073269;1
762;6402;अम्बुकण्टक;अम्बुकण्टकः;0.91898900633081;0.325982979829218;0.738160389588625;0.261839610411375;1
762;34360;अम्बुकिरात;अम्बुकिरातः;0.91898900633081;0.325982979829218;0.738160389588625;0.261839610411375;1
769;4874;आत्मकथा;आत्मकथा;1;0.323908498599416;0.643480345018372;0.356519654981628;0
769;4874;आत्म कथा;आत्मकथा;0.90625;0.323908498599416;0.736693687058864;0.263306312941136;1
779;7099;ज्येष्ठ;ज्येष्ठ;1;0.341481367845023;0.745444568944268;0.254555431055732;0
779;1296;शुचि;शुचि;1;0.341481367845023;0.745444568944268;0.254555431055732;0
781;7489;नभस्य;नभस्य;1;0.314244663730513;0.760893331049545;0.239106668950454;0
785;4634;असार;असार;1;0.259770002735492;0.793795691140905;0.206204308859095;1
786;10684;अतसी;अतसी;1;0.309054584552844;0.763910085797978;0.236089914202022;0
786;1206;मालिका;मालिका;1;0.309054584552844;0.605423396687954;0.394576603312046;0
786;2190;हैमवती;हैमवती;1;0.309054584552844;0.763910085797978;0.236089914202022;0
788;1566;मिथ्या;मिथ्या;1;0.283995804894302;0.6825843113896;0.3174156886104;1
788;1566;मृषा;मृषा;1;0.283995804894302;0.778818743946223;0.221181256053777;1
788;31804;असत्;असत्;1;0.283995804894302;0.64907054444081;0.35092945555919;1
788;85;अविद्यमान;अविद्यमान;1;0.283995804894302;0.778818743946223;0.221181256053777;1
789;6494;निराधार;निराधार;1;0.266673934087157;0.789469154680807;0.210530845319193;1
789;797;अप्रामाणिक;प्रामाणिक;0.910702260395516;0.266673934087157;0.773501506708881;0.226498493291119;1
789;22363;अप्रामाणिक;अप्रामाणिक;1;0.266673934087157;0.789469154680807;0.210530845319193;1
789;6494;आधारहीन;आधारहीन;1;0.266673934087157;0.789469154680807;0.210530845319193;1
789;30517;निर्मूल;निर्मूल;1;0.266673934087157;0.789469154680807;0.210530845319193;1
792;3978;धन्व;धन्व;1;0.248342515555013;0.801062198506794;0.198937801493206;1
